Resource Title,Resource Type,Evidence Classification,Language Program,Grade Filter,For Multilingual Learners (MLL),Tier(s),Related Screener(s),Related Subtest(s),Literacy Pillar(s),URL
Abracadabra (1-2),Instructional Resource | Intervention,Evidence Based,English | French,"1,2",Yes,"Tier 1,Tier 2",CTOPP-2 | DIBELS | IDAPEL | THaFoL,Blending | Elision | Facilité en lecture orale | Facilité à lire des mots | Facilité à lire des non-mots | Facilité à nommer des lettres | Letter Naming Fluency | Maze | Nonsense Word Fluency: Correct Letter Sounds | Nonsense Word Fluency: Words Read Correctly | Oral Reading Fluency: Accuracy | Oral Reading Fluency: Words Correct | Phonemic Segmentation Fluency | Word Reading Fluency,Alphabetic Principle | Phonemic Awareness | Phonics | Reading Comprehension | Reading Fluency,https://literacy.concordia.ca/resources/abra/teacher/en/ | https://literacy.concordia.ca/resources/abra/teacher/fr/index.php
Alec (K-5),Instructional Resource,Not specified,French,"K,1,2,3,4,5",No,Tier 1,THaFoL,Facilité à lire des mots | Facilité à lire des non-mots | Facilité à nommer des lettres,Alphabetic Principle | Phonics,https://fr.alec-edu.com/
Core Phonics Assessment - version française,Drill Down Assessment,Not specified,French,,No,Tier 2,THaFoL,Facilité à lire des mots | Facilité à lire des non-mots | Facilité à nommer des lettres,Alphabetic Principle | Phonics,https://lrsdcdn.sharepoint.com/sites/TeachingLearning/curriculum/Literacy/Early%20Literacy/Forms/AllItems.aspx?id=%2Fsites%2FTeachingLearning%2Fcurriculum%2FLiteracy%2FEarly%20Literacy%2FLitt%C3%A9ratie%20structur%C3%A9e%2FLes%20%C3%A9valuations%20et%20les%20interventions%2FPhon%C3%A9tique%2FFrench%20CORE%20phonics%20Assessment%2Epdf&parent=%2Fsites%2FTeachingLearning%2Fcurriculum%2FLiteracy%2FEarly%20Literacy%2FLitt%C3%A9ratie%20structur%C3%A9e%2FLes%20%C3%A9valuations%20et%20les%20interventions%2FPhon%C3%A9tique
CORE Phonics Survey (K-12),Drill Down Assessment,Not specified,English,"K,1,2,3,4,5,6,7,8,9,10,11,12",No,"Tier 2,Tier 3",DIBELS,Letter Naming Fluency | Nonsense Word Fluency: Correct Letter Sounds | Nonsense Word Fluency: Words Read Correctly | Word Reading Fluency,Alphabetic Principle | Phonics,https://lrsdcdn.sharepoint.com/sites/TeachingLearning/curriculum/Literacy/Early%20Literacy/Forms/AllItems.aspx?id=%2Fsites%2FTeachingLearning%2Fcurriculum%2FLiteracy%2FEarly%20Literacy%2FStructured%20Literacy%2FAssessments%20%26%20Interventions%2FPhonics%2FOther%20Phonics%20Assessments%2FCORE%20Phonics%20Survey%2Epdf&parent=%2Fsites%2FTeachingLearning%2Fcurriculum%2FLiteracy%2FEarly%20Literacy%2FStructured%20Literacy%2FAssessments%20%26%20Interventions%2FPhonics%2FOther%20Phonics%20Assessments
DIBELS Maze Progress Monitoring (2-8),Drill Down Assessment,Not specified,English,"2,3,4,5,6,7,8",No,"Tier 2,Tier 3",DIBELS,Maze,Reading Comprehension,https://lrsdcdn.sharepoint.com/sites/TeachingLearning/curriculum/Literacy/Early%20Literacy/Forms/AllItems.aspx?csf=1&web=1&e=RMQG7y&CID=2b4cc833%2D6eee%2D4304%2D8025%2D610cfaf221e3&FolderCTID=0x012000F20499129962D74E9046ECDF35332B03&id=%2Fsites%2FTeachingLearning%2Fcurriculum%2FLiteracy%2FEarly%20Literacy%2FLRSD%20Literacy%20Assessments%2FDIBELS%20%2D%20English%2FProgress%20Monitoring
DIBELS Oral Reading Fluency Progress Monitoring (2-8),Drill Down Assessment,Not specified,English,"2,3,4,5,6,7,8",No,"Tier 2,Tier 3",DIBELS,Oral Reading Fluency: Accuracy | Oral Reading Fluency: Words Correct,Reading Fluency,https://lrsdcdn.sharepoint.com/:f:/r/sites/TeachingLearning/curriculum/Literacy/Early%20Literacy/LRSD%20Literacy%20Assessments/DIBELS%20-%20English/Progress%20Monitoring?csf=1&web=1&e=RMQG7y
Diffit (Outil IA) – Produire ses propres textes et questions de compréhension,Drill Down Assessment,Not specified,French,,No,Tier 2,No screener identified,No subtest identified,Reading Comprehension,https://web.diffit.me/
Handwriting without Tears (K-1; 2-12),Instructional Resource | Intervention,Not specified,English,"K,1,2,3,4,5,6,7,8,9,10,11,12",No,"Tier 1,Tier 2,Tier 3",No screener identified,No subtest identified,Orthography,
Handwriting Without Tears - français (K-1),Instructional Resource,Not specified,French,"K,1",No,Tier 1,No screener identified,No subtest identified,Orthography,
Heggerty (K-2),Instructional Resource,Research Based,English,"K,1,2",No,Tier 1,CTOPP-2 | DIBELS,Blending | Elision | Phonemic Segmentation Fluency,Phonemic Awareness,https://heggerty.org/
Heggerty – Bridge The Gap (2-12),Intervention,Research Based,English,"2,3,4,5,6,7,8,9,10,11,12",No,"Tier 2,Tier 3",CTOPP-2 | DIBELS,Blending | Elision | Phonemic Segmentation Fluency,Phonemic Awareness,https://shop.heggerty.org/shop-products/?_topic_category_facet=phonemic-awareness-intervention
Heggerty – Letter Name Sounds (3-8),Drill Down Assessment,Not specified,English,"3,4,5,6,7,8",No,"Tier 2,Tier 3",DIBELS,Letter Naming Fluency,Alphabetic Principle,https://lrsdcdn.sharepoint.com/sites/TeachingLearning/curriculum/Literacy/Early%20Literacy/Forms/AllItems.aspx?id=%2Fsites%2FTeachingLearning%2Fcurriculum%2FLiteracy%2FEarly%20Literacy%2FStructured%20Literacy%2FAssessments%20%26%20Interventions%2FPhonological%20Awareness%2FHeggerty%20Assessments%2FLetter%2DNames%2DSounds%2DAssessment%2E2020%2D1%2Epdf&parent=%2Fsites%2FTeachingLearning%2Fcurriculum%2FLiteracy%2FEarly%20Literacy%2FStructured%20Literacy%2FAssessments%20%26%20Interventions%2FPhonological%20Awareness%2FHeggerty%20Assessments
Heggerty – Phonemic Awareness Screener (3-12),Drill Down Assessment,Not specified,English,"3,4,5,6,7,8,9,10,11,12",No,"Tier 2,Tier 3",CTOPP-2 | DIBELS,Blending | Elision | Phonemic Segmentation Fluency,Phonemic Awareness,https://lrsdcdn.sharepoint.com/sites/TeachingLearning/curriculum/Literacy/Early%20Literacy/Forms/AllItems.aspx?id=%2Fsites%2FTeachingLearning%2Fcurriculum%2FLiteracy%2FEarly%20Literacy%2FStructured%20Literacy%2FAssessments%20%26%20Interventions%2FPhonological%20Awareness%2FHeggerty%20Assessments%2FPA%2DScreener%2E2020%2Epdf&parent=%2Fsites%2FTeachingLearning%2Fcurriculum%2FLiteracy%2FEarly%20Literacy%2FStructured%20Literacy%2FAssessments%20%26%20Interventions%2FPhonological%20Awareness%2FHeggerty%20Assessments
Inventaires d’orthographe,Drill Down Assessment,Not specified,French,,No,Tier 2,THaFoL,Facilité à lire des mots | Facilité à lire des non-mots,Phonics,https://lrsdcdn.sharepoint.com/sites/TeachingLearning/curriculum/Literacy/Early%20Literacy/Forms/AllItems.aspx?csf=1&web=1&e=kLXR42&CID=c3191924%2D1b8e%2D4da4%2D8ad5%2De76af0854b8b&FolderCTID=0x012000F20499129962D74E9046ECDF35332B03&id=%2Fsites%2FTeachingLearning%2Fcurriculum%2FLiteracy%2FEarly%20Literacy%2FLitt%C3%A9ratie%20structur%C3%A9e%2FLes%20%C3%A9valuations%20et%20les%20interventions%2FPhon%C3%A9tique%2FInventaire%20d%27orthographe%20M%2D12
Kilpatrick PAST Assessment (3-12),Drill Down Assessment,Not specified,English,"3,4,5,6,7,8,9,10,11,12",No,"Tier 2,Tier 3",CTOPP-2 | DIBELS,Blending | Elision | Phonemic Segmentation Fluency,Phonemic Awareness,https://lrsdcdn.sharepoint.com/sites/TeachingLearning/curriculum/Literacy/Early%20Literacy/Forms/AllItems.aspx?newTargetListUrl=%2Fsites%2FTeachingLearning%2Fcurriculum%2FLiteracy%2FEarly%20Literacy&viewpath=%2Fsites%2FTeachingLearning%2Fcurriculum%2FLiteracy%2FEarly%20Literacy%2FForms%2FAllItems%2Easpx&id=%2Fsites%2FTeachingLearning%2Fcurriculum%2FLiteracy%2FEarly%20Literacy%2FStructured%20Literacy%2FAssessments%20%26%20Interventions%2FPhonological%20Awareness%2FKilpatrick%20Assessment&viewid=46f2e15a%2D621a%2D4c2d%2Da473%2D2d8c27980932
Kilpatrick – activités 1 minute,Instructional Resource | Intervention,Not specified,French,,No,"Tier 1,Tier 2",No screener identified,No subtest identified,Phonemic Awareness,https://lrsdcdn.sharepoint.com/:b:/r/sites/TeachingLearning/curriculum/Literacy/Early%20Literacy/Litt%C3%A9ratie%20structur%C3%A9e/La%20conscience%20phonologique/Kilpatrick%20-%20Activit%C3%A9s%20d%27une%20minute%20en%20fran%C3%A7ais.pdf?csf=1&web=1&e=qEKdG8
Kilpatrick – Equipped for Reading Success (K-2; 3-12),Instructional Resource | Intervention,Research Based,English,"K,1,2,3,4,5,6,7,8,9,10,11,12",No,"Tier 1,Tier 2,Tier 3",CTOPP-2 | DIBELS,Blending | Elision | Phonemic Segmentation Fluency,Phonemic Awareness,https://equippedforreadingsuccess.com/
Les leçons du CBE (K-6; 3-12),Instructional Resource | Intervention,Not specified,French,"K,1,2,3,4,5,6,7,8,9,10,11,12",No,"Tier 1,Tier 2",IDAPEL | THaFoL,Facilité en lecture orale | Facilité à lire des mots | Facilité à lire des non-mots | Facilité à nommer des lettres,Alphabetic Principle | Orthography | Phonics | Reading Comprehension | Reading Fluency | Vocabulary,https://lrsdcdn.sharepoint.com/:f:/r/sites/TeachingLearning/curriculum/Literacy/Early%20Literacy/Litt%C3%A9ratie%20structur%C3%A9e/La%20phon%C3%A9tique/Le%C3%A7ons%20du%20CBE%20M-7e%20ann%C3%A9e?csf=1&web=1&e=jb0IaL
Lexia Core 5 (2-5),Intervention,Evidence Based,English,"2,3,4,5",No,Tier 2,CTOPP-2 | DIBELS,Blending | Elision | Maze | Nonsense Word Fluency: Correct Letter Sounds | Nonsense Word Fluency: Words Read Correctly | Oral Reading Fluency: Accuracy | Oral Reading Fluency: Words Correct | Phonemic Segmentation Fluency | Word Reading Fluency,Phonemic Awareness | Phonics | Reading Comprehension | Reading Fluency | Vocabulary,
Lexia PowerUp (6-12),Intervention,Evidence Based,English,"6,7,8,9,10,11,12",No,Tier 2,DIBELS,Maze | Nonsense Word Fluency: Correct Letter Sounds | Nonsense Word Fluency: Words Read Correctly | Oral Reading Fluency: Accuracy | Oral Reading Fluency: Words Correct | Word Reading Fluency,Phonics | Reading Comprehension | Reading Fluency | Vocabulary,
Orton-Gilingham (K-2),Instructional Resource | Intervention,Research Based,English,"K,1,2",No,"Tier 1,Tier 2,Tier 3",DIBELS,Letter Naming Fluency | Maze | Nonsense Word Fluency: Correct Letter Sounds | Nonsense Word Fluency: Words Read Correctly | Oral Reading Fluency: Accuracy | Oral Reading Fluency: Words Correct | Word Reading Fluency,Alphabetic Principle | Orthography | Phonics | Reading Comprehension | Reading Fluency,https://www.ortonacademy.org/
Page par page (K-1),Instructional Resource,Not specified,French,"K,1",No,Tier 1,IDAPEL | THaFoL,Facilité en lecture orale | Facilité à lire des mots | Facilité à lire des non-mots | Facilité à nommer des lettres,Alphabetic Principle | Orthography | Phonics | Reading Comprehension | Reading Fluency | Vocabulary,https://lrsdcdn.sharepoint.com/:f:/r/sites/TeachingLearning/curriculum/Literacy/Early%20Literacy/Litt%C3%A9ratie%20structur%C3%A9e/La%20phon%C3%A9tique/Page%20par%20page?csf=1&web=1&e=6IK20Z
Phonémique version 1,Instructional Resource | Intervention,Not specified,French,,No,"Tier 1,Tier 2",No screener identified,No subtest identified,Phonemic Awareness,https://lrsdcdn.sharepoint.com/:b:/r/sites/TeachingLearning/curriculum/Literacy/Early%20Literacy/Litt%C3%A9ratie%20structur%C3%A9e/La%20conscience%20phonologique/Pratique%20Phon%C3%A9mique%20-%20version%201.pdf?csf=1&web=1&e=GVZhpR
Phonémique version 2,Instructional Resource | Intervention,Not specified,French,,No,"Tier 1,Tier 2",No screener identified,No subtest identified,Phonemic Awareness,https://lrsdcdn.sharepoint.com/:b:/r/sites/TeachingLearning/curriculum/Literacy/Early%20Literacy/Litt%C3%A9ratie%20structur%C3%A9e/La%20conscience%20phonologique/Pratique%20Phon%C3%A9mique%20-%20r%C3%A9vis%C3%A9.pdf?csf=1&web=1&e=uYTyKd
Programme d’intervention en lecture et en orthographe (K-3),Intervention,Not specified,French,"K,1,2,3",No,Tier 2,IDAPEL | THaFoL,Facilité en lecture orale | Facilité à lire des mots | Facilité à lire des non-mots | Facilité à nommer des lettres,Alphabetic Principle | Orthography | Phonics | Reading Comprehension | Reading Fluency | Vocabulary,https://lrsdcdn.sharepoint.com/sites/TeachingLearning/curriculum/Literacy/Early%20Literacy/Forms/AllItems.aspx?id=%2Fsites%2FTeachingLearning%2Fcurriculum%2FLiteracy%2FEarly%20Literacy%2FLitt%C3%A9ratie%20structur%C3%A9e%2FLes%20%C3%A9valuations%20et%20les%20interventions%2FLes%20interventions&viewid=46f2e15a%2D621a%2D4c2d%2Da473%2D2d8c27980932
Quick Phonics Screener (K-12),Drill Down Assessment,Not specified,English,"K,1,2,3,4,5,6,7,8,9,10,11,12",No,"Tier 2,Tier 3",DIBELS,Letter Naming Fluency | Nonsense Word Fluency: Correct Letter Sounds | Nonsense Word Fluency: Words Read Correctly | Word Reading Fluency,Alphabetic Principle | Phonics,https://lrsdcdn.sharepoint.com/sites/TeachingLearning/curriculum/Literacy/Early%20Literacy/Forms/AllItems.aspx?csf=1&web=1&e=zM0Vr5&CID=09cccb99%2D754e%2D4539%2Dbacd%2D63499595c8ed&FolderCTID=0x012000F20499129962D74E9046ECDF35332B03&id=%2Fsites%2FTeachingLearning%2Fcurriculum%2FLiteracy%2FEarly%20Literacy%2FStructured%20Literacy%2FAssessments%20%26%20Interventions%2FPhonics%2FOther%20Phonics%20Assessments%2FQuick%20Phonics%20Screener%2Epdf&viewid=46f2e15a%2D621a%2D4c2d%2Da473%2D2d8c27980932&parent=%2Fsites%2FTeachingLearning%2Fcurriculum%2FLiteracy%2FEarly%20Literacy%2FStructured%20Literacy%2FAssessments%20%26%20Interventions%2FPhonics%2FOther%20Phonics%20Assessments
Rewards (4-12),Intervention,Research Based,English,"4,5,6,7,8,9,10,11,12",No,Tier 2,DIBELS,Maze | Nonsense Word Fluency: Correct Letter Sounds | Nonsense Word Fluency: Words Read Correctly | Oral Reading Fluency: Accuracy | Oral Reading Fluency: Words Correct | Word Reading Fluency,Phonics | Reading Comprehension | Reading Fluency | Vocabulary,
Son au graphe (K-2; 3-12),Instructional Resource | Intervention,Not specified,French,"K,1,2,3,4,5,6,7,8,9,10,11,12",No,"Tier 1,Tier 2",IDAPEL | THaFoL,Facilité en lecture orale | Facilité à lire des mots | Facilité à lire des non-mots | Facilité à nommer des lettres,Alphabetic Principle | Orthography | Phonics | Reading Comprehension | Reading Fluency | Vocabulary,https://lrsdcdn.sharepoint.com/:f:/r/sites/TeachingLearning/curriculum/Literacy/Early%20Literacy/Litt%C3%A9ratie%20structur%C3%A9e/La%20phon%C3%A9tique/Son%20au%20Graphe%20(UFLI%20fran%C3%A7ais)?csf=1&web=1&e=xGgV6H
SRA Corrective Reading (3-12),Intervention,Evidence Based; Research Based,English,"3,4,5,6,7,8,9,10,11,12",No,"Tier 2,Tier 3",DIBELS,Letter Naming Fluency | Maze | Nonsense Word Fluency: Correct Letter Sounds | Nonsense Word Fluency: Words Read Correctly | Oral Reading Fluency: Accuracy | Oral Reading Fluency: Words Correct | Word Reading Fluency,Alphabetic Principle | Phonics | Reading Comprehension | Reading Fluency | Vocabulary,
SRA Early Interventions in Reading (K-3),Intervention,Evidence Based,English,"K,1,2,3",No,Tier 2,CTOPP-2 | DIBELS,Blending | Elision | Letter Naming Fluency | Nonsense Word Fluency: Correct Letter Sounds | Nonsense Word Fluency: Words Read Correctly | Phonemic Segmentation Fluency | Word Reading Fluency,Alphabetic Principle | Phonemic Awareness | Phonics,
UFLI Manual (K-2; FI 2-3),Instructional Resource | Intervention,Research Based,English,"K,1,2,3",No,"Tier 1,Tier 2",DIBELS,Letter Naming Fluency | Maze | Nonsense Word Fluency: Correct Letter Sounds | Nonsense Word Fluency: Words Read Correctly | Oral Reading Fluency: Accuracy | Oral Reading Fluency: Words Correct | Word Reading Fluency,Alphabetic Principle | Orthography | Phonics | Reading Comprehension | Reading Fluency,https://ufli.education.ufl.edu/foundations-materials/
UFLI Placement Assessment,Drill Down Assessment,Not specified,English,,No,"Tier 2,Tier 3",DIBELS,Nonsense Word Fluency: Correct Letter Sounds | Nonsense Word Fluency: Words Read Correctly | Word Reading Fluency,Phonics,https://lrsdcdn.sharepoint.com/:b:/r/sites/TeachingLearning/curriculum/Literacy/Early%20Literacy/Structured%20Literacy/Assessments%20%26%20Interventions/Phonics/UFLI%20Placement%20Assessment.pdf?csf=1&web=1&e=x8NIof
Word Connections (3-8),Intervention,Research Based,English,"3,4,5,6,7,8",No,Tier 2,DIBELS,Nonsense Word Fluency: Correct Letter Sounds | Nonsense Word Fluency: Words Read Correctly | Word Reading Fluency,Phonics | Vocabulary,https://lrsdcdn.sharepoint.com/:f:/r/sites/TeachingLearning/curriculum/Literacy/Early%20Literacy/Structured%20Literacy/Phonics/Middle%20Years%20Phonics%20Resources/Word%20Connections?csf=1&web=1&e=qZBz6e
Word Origins (3-5; 3-8),Instructional Resource | Intervention,Research Based,English,"3,4,5,6,7,8",No,"Tier 1,Tier 2",DIBELS,Maze,Orthography | Reading Comprehension | Vocabulary,
Words Their Way Inventory,Drill Down Assessment,Not specified,English,,No,"Tier 2,Tier 3",DIBELS,Nonsense Word Fluency: Correct Letter Sounds | Nonsense Word Fluency: Words Read Correctly | Word Reading Fluency,Phonics,https://lrsdcdn.sharepoint.com/:f:/r/sites/TeachingLearning/curriculum/Literacy/Early%20Literacy/Structured%20Literacy/Assessments%20%26%20Interventions/Phonics/Words%20Their%20Way%20Inventories?csf=1&web=1&e=bKahaI
Éclair,Drill Down Assessment,Not specified,French,,No,Tier 2,THaFoL,Facilité à lire des mots | Facilité à lire des non-mots | Facilité à nommer des lettres,Alphabetic Principle | Phonemic Awareness | Phonics,https://lrsdcdn.sharepoint.com/sites/TeachingLearning/curriculum/Literacy/Early%20Literacy/Forms/AllItems.aspx?csf=1&web=1&e=AKITHH&CID=a28657b0%2D63a1%2D482e%2Db4ba%2Dbbf7e907d7d7&FolderCTID=0x012000F20499129962D74E9046ECDF35332B03&id=%2Fsites%2FTeachingLearning%2Fcurriculum%2FLiteracy%2FEarly%20Literacy%2FLitt%C3%A9ratie%20structur%C3%A9e%2FLes%20%C3%A9valuations%20et%20les%20interventions%2F%C3%89clair
